{
  "simple_average": 0.7585357571817019,
  "hard_voting": 0.781702850913075,
  "rank_averaging": 0.815650165377144,
  "geometric_mean": 0.7178145617499322,
  "random_forest": 0.6949613660481734,
  "xgboost": 0.7898725348536426,
  "lightgbm": 0.7982715067007801,
  "catboost": 0.7859910831732352
}