{
  "rank_averaging": 0.815650165377144,
  "weight_generator_cluster": 0.7039267226916234,
  "delta_vs_rank_avg": -0.11172344268552059,
  "n_clusters": 8
}